id,City,longitude,latitude
1,D�sseldorf,"67,734,556","512,277,411"
2,Verviers,"58,655,951","505,910,564"
3,Mondorf-les-Bains,"62,801,403","495,078,241"
4,Vittel,"59,434,965","482,025,406"
5,Vesoul,"615,428","47,619,788"
6,Troyes,"40,744,009","482,973,451"
7,Dole,"-947,323,481","389,697,427"
8,Nantua,"5,607,762","46,153,405"
9,P�rigueux,"0,7211149","45,184,029"
10,Eymet,"0,397723","44,668,628"
11,Pau,"-0,370797","432,951"
12,Saint-Girons,"1,146,088","42,982,876"
13,Blagnac,"139,703","43,635,087"
14,Laissac-S�v�rac-l'�glise,"2,846,292","44,362,405"
15,Le Puy-en-Velay,"3,882,936","4,542,768"
16,La Mure,"5,784,528","44,906,521"
17,Brian�on,"6,643,179","44,899,416"
18,Embrun,"-75,275,411","45,275,646"
19,Marseille,"536,978","43,296,482"
20,Montgeron,"24,604,529","48,703,859"
21,Mont Saint-Michel,"-1,511,457","48,636,063"
22,Saint-L�,"-10,828,136","491,154,686"
23,Granville,"-118,255,375","341,449,828"
24,Saumur,"-0,080893","47,260,135"
25,Limoges,"1,261,105","45,833,619"
26,Arpajon-sur-C�re,"24,582,799","44,901,275"
27,L'Isle-Jourdain,"1,081,741","436,138,369"
28,Vielha Val d'Aran,"0,7722974","427,245,643"
29,Escaldes-Engordany,"15,886,966","424,909,379"
30,Carcassonne,"23,517,703","432,132,151"
31,Montpellier,"3,876,716","43,610,769"
32,Bourg-Saint-And�ol,"4,647,069","443,691,869"
33,Mont�limar,"4,749,496","44,556,944"
34,Bourg-en-Bresse,"52,255,007","462,051,675"
35,Moirans-en-Montagne,"5,723,854","464,308,989"
36,Bern,"74,474,468","469,479,739"
37,Sallanches,"66,305,569","45,936,661"
38,Albertville,"-936,687,657","452,312,337"
39,Meg�ve,"661,775","45,856,876"
40,Chantilly,"-774,310,992","388,942,786"
41,Utrecht,"51,214,201","52,907,374"
42,Antwerp,"44,024,643","512,194,475"
43,Seraing,"54,996,296","505,838,832"
44,Arras,"2,777,535","50,291,002"
45,Abbeville,"-921,342,921","299,746,502"
46,Livarot,"0,149727","49,436"
47,Rennes,"-16,777,926","48,117,266"
48,Vannes,"-2,760,847","47,658,236"
49,Tarbes,"0,078082","43,232,951"
50,Lannemezan,"0,38396","43,125,519"
51,Muret,"133,071","43,461,574"
52,Rodez,"2,575,986","44,349,389"
53,Mende,"3,501,873","44,517,611"
54,Bourg-de-P�age,"5,050,948","4,540,419"
55,Digne-les-Bains,"6,235,976","4,492,193"
56,Gap,"-959,640,955","361,322,894"
57,Saint-Jean-de-Maurienne,"6,344,886","45,275,403"
58,Modane,"667,292","45,201,491"
59,S�vres,"22,109,771","488,212,407"
60,Leeds,"-15,490,774","538,007,554"
61,York,"-958,402,258","36,366,068"
62,Cambridge,"0,121817","52,205,337"
63,Le Touquet-Paris-Plage,"1,590,675","50,521,276"
64,Ypres,"28,779,388","508,492,265"
65,�pernay,"3,956,242","4,943,411"
66,Tomblaine,"6,221,307","48,683,482"
67,G�rardmer,"6,877,292","4,870,081"
68,Mulhouse,"7,335,888","47,750,839"
69,Besan�on,"60,240,539","47,237,829"
70,Saint-�tienne,"43,871,779","45,439,695"
71,Grenoble,"5,724,524","45,188,529"
72,Tallard,"6,055,327","44,461,865"
73,Saint-Gaudens,"-723,687,458","435,010,949"
74,Maubourguet Pays du Val d�Adour,"0,0370811","434,675,723"
75,Bergerac,"-1,224,137,329","377,714,444"
76,�vry,"2,441,782","48,629,828"
77,Porto-Vecchio,"9,278,311","41,591,369"
78,Bastia,"9,450,881","42,697,283"
79,Ajaccio,"8,738,635","41,919,229"
80,Nice,"-959,920,829","361,597,653"
81,Cagnes-sur-Mer,"714,882","43,663,739"
82,Aix-en-Provence,"5,447,427","43,529,742"
83,Castres,"2,241,295","43,606,214"
84,Saint-Gildas-des-Bois,"-2,037,288","47,517,319"
85,Avranches,"-136,166","48,686,843"
86,Foug�res,"-1,204,626","483,515,609"
87,Tours,"0,68484","47,394,144"
88,Saint-Pour�ain-sur-Sioule,"3,288,997","46,307,204"
89,Givors,"4,772,829","4,558,329"
90,Vaison-la-Romaine,"5,075,198","44,240,968"
91,Le Bourg-d'Oisans,"6,030,064","4,551,951"
92,Annecy,"6,129,384","45,899,247"
93,Versailles,"21,203,554","488,048,649"
94,Li�ge,"55,796,662","506,325,574"
95,Vis�,"5,699,039","507,371,584"
96,Orchies,"32,428","504,745"
97,Rouen,"1,099,971","49,443,232"
98,Belfort,"-774,318,392","392,934"
99,Arc-et-Senans,"5,781,165","4,732,958"
100,M�con,"4,828,731","463,068,839"
101,Saint-Paul-Trois-Ch�teaux,"4,768,295","44,348,678"
102,Limoux,"2,218,142","4,353,289"
103,Samatan,"0,9306663","434,921,294"
104,Bagn�res-de-Luchon,"0,592943","42,788,963"
105,Bonneval,"1,385,289","48,181,453"
106,Rambouillet,"1,829,079","48,643,868"
107,Passage du Gois,"-21,240,787","469,306,525"
108,Les Essarts,"-123,052","46,774,141"
109,Olonne-sur-Mer,"-1,772,826","46,536,402"
110,Lorient,"-33,702,449","477,482,524"
111,Carhaix,"-3,574,188","48,275,584"
112,Dinan,"-1,216,506,095","371,417,922"
113,Le Mans,"-890,068,311","427,250,835"
114,Aigurande,"1,828,597","46,434,011"
115,Issoire,"3,248,128","4,554,151"
116,Aurillac,"2,444,997","44,930,953"
117,Blaye-les-Mines,"21,316","4,430,913"
118,Cugnaux,"1,344,995","43,537,141"
119,Pinerolo,"73,306,676","448,845,906"
120,Cr�teil,"2,455,572","48,790,367"
121,Rotterdam,"44,777,326","519,244,201"
122,Brussels,"43,517,211","508,503,463"
123,Wanze,"52,141,304","505,344,663"
124,Cambrai,"3,236,633","50,173,538"
125,Montargis,"2,736,291","4,799,729"
126,Tournus,"49,119,529","46,561,816"
127,Station des Rousses,"6,061,806","4,648,434"
128,Morzine-Avoriaz,"6,775,103","4,618,823"
129,Chamb�ry,"5,917,781","45,564,601"
130,Sisteron,"5,943,191","44,194,713"
131,Revel,"-973,136,109","38,414,964"
132,Pamiers,"1,607,953","43,114,753"
133,Salies-de-B�arn,"-0,924854","43,470,556"
134,Bordeaux,"-0,57918","44,837,789"
135,Longjumeau,"22,947,615","486,930,642"
136,Monaco,"74,246,158","437,384,176"
137,Cap d'Agde,"35,053,993","432,807,386"
138,Girona,"28,214,264","419,794,005"
139,Barcelona,"21,734,035","413,850,639"
140,Andorra la Vella,"15,218,355","425,063,174"
141,Vatan,"-73,980,337","407,423,608"
142,Tonnerre,"3,973,527","47,856,724"
143,Colmar,"7,358,512","48,793,589"
144,Pontarlier,"6,354,242","469,041,039"
145,Martigny,"70,755,334","461,049,798"
146,Bourg-Saint-Maurice,"6,769,548","45,618,598"
147,Bourgoin-Jallieu,"527,212","45,597,108"
148,Montereau-Fault-Yonne,"2,956,193","48,384,734"
149,Brest,"-4,486,076","48,390,394"
150,Auray,"-2,983,767","47,666,491"
151,Saint-Malo,"-2,025,674","48,649,337"
152,Cholet,"-0,879787","4,759,407"
153,Brioude,"3,386,482","45,295,564"
154,Figeac,"2,032,871","44,608,288"
155,Toulouse,"1,444,209","43,604,652"
156,Lavelanet,"1,851,472","42,937,653"
157,Narbonne,"3,003,078","43,184,277"
158,N�mes,"4,360,054","43,836,699"
159,Cuneo,"75,426,711","443,844,766"
160,Bourg-d'Oisans,"6,030,064","4,551,951"
161,Roanne,"4,072,695","4,634,432"
162,C�rilly,"2,822,083","466,176"
163,�tampes,"216,142","48,434,416"
164,London,"-0,1277583","515,073,509"
165,Dunkirk,"23,767,763","51,343,684"
166,Waregem - Compi�gne,"34,231,675","508,868,949"
167,Villers-Cotter�ts,"30,908,159","49,255,061"
168,Chablis,"3,800,451","47,815,269"
169,Semur-en-Auxois,"433,234","47,490,238"
170,Le Grand-Bornand,"6,426,699","45,942,027"
171,Val-d'Is�re,"6,980,226","45,448,034"
172,Albi,"21,486,413","439,250,853"
173,Mazamet,"2,376,579","43,490,103"
174,Foix,"1,605,232","42,964,127"
175,Orthez,"-0,7739279","4,348,756"
176,Cahors,"1,441,989","444,475,229"
177,Cognac,"-0,328744","45,691,046"
178,Marcoussis,"22,298,809","48,642,446"
179,Strasbourg,"77,521,113","485,734,053"
180,Obernai,"748,168","4,846,226"
181,Esch-sur-Alzette,"59,860,925","495,008,805"
182,Huy,"52,396,656","505,187,153"
183,Beauvais,"20,807,123","494,295,387"
184,Lisieux,"0,227849","49,145,922"
185,Saint Gr�goire,"-1,683,146","48,153,561"
186,Saint-M�en-le-Grand,"-2,192,985","48,189,812"
187,Cambo-les-Bains,"-13,999,053","433,605,565"
188,Luchon,"0,592943","42,788,963"
189,B�ziers,"3,215,795","43,344,233"
190,Morzine,"6,708,877","46,179,192"
191,Le Creusot,"44,278","46,805,351"
192,Antony/Parc de Sceaux,"23,102,324","487,706,912"
193,Fromentine,"-2,140,027","46,889,175"
194,Challans,"-1,880,412","46,844,828"
195,La Ch�taigneraie,"61,715,518","463,400,962"
196,Chambord,"1,516,878","47,614,158"
197,Lun�ville,"6,492,339","48,592,237"
198,Pforzheim,"86,946,286","488,921,862"
199,Courchevel,"663,469","45,414,659"
200,Miramas,"5,002,136","43,588,896"
201,Agde,"34,768,109","433,088,031"
202,L�zat-sur-L�ze,"1,346,575","43,276,267"
203,Mourenx,"-0,620552","43,368,262"
204,Corbeil-Essonnes,"2,474,805","486,102,599"
205,Charleroi,"4,444,643","504,108,095"
206,Waterloo,"43,991","5,071,469"
207,Amiens,"2,295,753","49,894,067"
208,Ch�teaubriant,"-13,762,239","47,720,948"
209,Lamballe,"-2,517,322","48,468,637"
210,Saint-L�onard-de-Noblat,"1,486,205","458,367"
211,Saint-Flour,"3,094,862","4,533,026"
212,Castelsarrasin,"1,107,132","4,439,889"
213,Valr�as,"4,989,187","44,383,724"
214,Annemasse,"6,234,158","46,193,253"
215,Paris,"23,522,219","48,856,614"
216,Saint-Denis,"2,357,443","48,936,181"
217,La Fert�-sous-Jouarre,"3,130,059","48,950,507"
218,Charleville-M�zi�res,"4,726,096","49,762,085"
219,Joinville,"-488,452,269","-262,834,213"
220,Nevers,"3,162,845","46,990,896"
221,Lyon,"4,835,659","45,764,043"
222,Gaillac,"1,896,506","439,018,159"
223,Bagn�res-de-Bigorre,"0,1491049","4,365,093"
224,Dax,"-80,320,987","2,585,059"
225,Pornic,"-2,104,444","47,115,491"
226,Ville-d'Avray,"21,886,944","488,270,042"
227,Luxembourg City,"61,319,346","49,611,621"
228,Metz,"61,757,156","491,193,089"
229,Soissons,"332,342","49,376,636"
230,Forges-les-Eaux,"1,545,886","49,613,311"
231,Bagnoles-de-l'Orne,"-0,415091","48,558,399"
232,Saint-Martin-de-Landelles,"-1,172,382","48,546,107"
233,Lanester,"-3,347,354","47,763,494"
234,Bazas,"-0,211464","44,430,624"
235,Lod�ve,"3,313,975","4,373,366"
236,Les Deux Alpes,"61,248,743","45,176,294"
237,Aime,"-739,960,432","40,720,603"
238,Cluses,"6,580,582","466,039"
239,R�gni�-Durette,"464,105","46,136,803"
240,Melun,"26,554","48,542,105"
241,Saint-Omer,"2,252,208","50,750,115"
242,Calais,"1,858,686","5,095,129"
243,Verdun,"53,844,231","491,598,764"
244,Commercy,"5,592,348","48,763,802"
245,Aix-les-Bains,"5,908,998","45,692,341"
246,Perpignan,"28,948,332","426,886,591"
247,Brive-la-Gaillarde,"1,533,937","45,159,555"
248,Montlu�on,"26,019,912","463,415,466"
249,Orl�ans,"1,909,251","47,902,964"
250,Futuroscope,"0,3697581","466,698,573"
251,Loudun,"0,083183","4,789,674"
252,Nantes,"-1,553,621","47,218,371"
253,Vitr�,"-121,543","48,124,746"
254,Agen,"-946,039,222","39,957,618"
255,Carpentras,"5,048,722","44,555,639"
256,Avignon,"4,805,528","43,949,317"
257,Draguignan,"6,464,993","435,377,269"
258,�vian-les-Bains,"6,590,949","46,401,488"
259,Lausanne,"66,322,734","465,196,535"
260,Freiburg,"78,421,043","479,990,077"
261,Le Puy du Fou,"-0,9281158","468,896,024"
262,Montaigu,"-1,313,777","46,974,347"
263,Laval,"-73,712,409","456,066,487"
264,Avesnes-sur-Helpe,"3,926,864","50,123,589"
265,Sestri�res,"68,790,861","449,578,505"
266,Saint-Galmier,"4,318,391","45,590,322"
267,Jonzac,"-0,431058","45,445,368"
268,Arpajon,"2,246,237","48,589,172"
269,Dublin,"-62,603,097","533,498,053"
270,Enniscorthy,"-65,727,721","525,031,135"
271,Roscoff,"-3,985,325","48,726,199"
272,Plouay,"-3,334,565","47,915,138"
273,La Ch�tre,"1,986,165","46,581,832"
274,Meyrignac-l'�glise,"1,854,589","45,399,074"
275,Montauban,"13,529,599","44,221,252"
276,Tarascon-sur-Ari�ge,"1,604,815","42,848,524"
277,Frontignan la Peyrade,"3,726,749","43,427,008"
278,Vizille,"5,772,412","4,577,318"
279,La Chaux-de-Fonds,"68,327,838","471,034,892"
280,Montceau-les-Mines,"4,362,979","4,667,413"
281,Saint-Valery-en-Caux,"0,708557","49,860,582"
282,Vire,"-0,888482","48,837,781"
283,Plumelec,"-2,639,409","47,837,699"
284,Chantonnay,"-1,050,176","466,870,819"
285,Le Blanc,"-867,529,347","211,260,383"
286,Marennes,"-1,103,998","45,823,752"
287,Sauternes,"-0,343268","44,531,032"
288,Andorra Arcalis,"14,992,993","426,313,635"
289,Fribourg,"71,619,719","468,064,773"
290,Montb�liard,"6,798,466","47,510,356"
291,Disneyland Paris,"27,758,079","488,722,344"
292,'s-Hertogenbosch,"53,036,748","516,978,162"
293,Wasquehal,"3,130,782","50,669,276"
294,Lac de Madine,"5,736,175","489,216,184"
295,Le Mon�tier-les-Bains,"6,507,839","44,976,254"
296,Turin,"7,686,864","45,703,393"
297,Valence,"-947,349,372","365,983,395"
298,Besse,"29,012,932","454,978,927"
299,Argel�s-Gazost,"-0,101087","435,028"
300,Pamplona,"-16,457,745","42,812,526"
301,Hendaye,"-1,766,148","43,359,399"
302,Palaiseau,"2,245,748","48,714,509"
303,Saint-Brieuc,"-2,765,835","4,851,418"
304,Perros-Guirec,"-3,444,943","48,815,456"
305,Mayenne,"-0,6185636","483,050,874"
306,Alen�on,"0,091266","48,432,856"
307,F�camp,"0,380774","49,755,601"
308,La Plagne,"66,765,547","455,082,417"
309,Saint-Orens-de-Gameville,"1,533,877","43,551,879"
310,Montpon-M�nest�rol,"0,162","459,274"
311,Lac de Vassivi�re,"1,879,167","45,797,222"
312,Sainte-Genevi�ve-des-Bois,"23,259,213","486,408,416"
313,Lille,"3,057,256","5,062,925"
314,Roubaix,"3,177,847","506,927,049"
315,Dover,"13,134,027","511,278,758"
316,Portsmouth,"-707,625,532","43,717,552"
317,Cherbourg,"-1,622,137","496,337,308"
318,Poitiers,"0,340375","46,580,224"
319,Lourdes,"-0,045726","4,391,463"
320,Moutiers,"6,529,926","45,484,615"
321,Lu�on,"-1,167,062","46,454,772"
322,Les Sables-d'Olonne,"-1,795,493","46,492,958"
323,Dinard,"-2,055,125","48,633,024"
324,�vreux,"1,151,361","49,270,129"
325,P�ronne,"2,933,353","49,933,071"
326,Ch�lons-sur-Marne,"4,363,073","48,956,682"
327,Villard-de-Lans,"555,227","4,570,641"
328,Serre Chevalier,"6,559,389","44,946,226"
329,Isola,"-959,195,026","36,727,771"
330,Andorra,"1,521,801","42,506,285"
331,Br�tigny-sur-Orge,"230,604","48,611,486"
332,Viry-Ch�tillon,"2,375,902","48,666,218"
333,San Sebasti�n,"-19,812,313","43,318,334"
334,Libourne,"-0,243985","44,912,998"
335,Nogent-sur-Oise,"2,464,688","49,278,948"
336,Valkenburg,"58,320,514","508,652,306"
337,St Gervais,"6,712,187","45,892,013"
338,Sestriere,"68,790,861","449,578,505"
339,La Bourboule,"2,738,992","45,587,241"
340,Blois,"13,359,475","475,860,921"
341,La D�fense,"22,418,428","488,897,359"
342,Bron,"4,911,927","45,733,316"
343,Villeurbanne,"48,901,709","45,771,944"
344,Dijon,"504,148","47,322,047"
345,Reims,"4,031,696","49,258,329"
346,Le Havre,"0,107929","4,949,437"
347,Argentan,"-0,016566","48,744,001"
348,Quimper,"-4,097,899","47,997,542"
349,Jaca,"-0,5470554","425,717,166"
350,St Gaudens,"-723,687,458","435,010,949"
351,Al�s,"4,083,352","44,127,204"
352,Lugny,"480,982","46,471,672"
353,Sarrebourg,"7,052,587","48,732,663"
354,�pinal,"6,449,403","48,172,402"
355,Geneva,"61,431,577","462,043,907"
356,Saint-Gervais,"6,712,187","45,892,013"
357,Fontaine,"-945,981,928","39,399,534"
358,Millau,"3,077,801","44,100,575"
359,Castillon-la-Bataille,"-0,043008","44,852,067"
360,Labastide-d'Armagnac,"-0,18562","43,969,386"
361,Cauterets,"-0,114246","42,889,054"
362,Pornichet,"-2,340,571","47,263,426"
363,Pontch�teau,"-2,089,536","47,436,929"
364,La Haie-Fouassi�re,"-1,399,547","471,556"
365,Neufch�tel-en-Bray,"1,441,891","49,732,771"
366,Li�vin,"2,775,222","50,417,921"
367,Nancy,"6,184,417","48,692,054"
368,Luz Ardiden,"-0,002869","42,873,542"
369,Ruelle-sur-Touvre,"0,219218","456,767,619"
370,Clermont-Ferrand,"3,087,025","45,777,222"
371,Santenay,"4,696,534","46,912,833"
372,Nemours,"-815,220,666","301,423,595"
373,West Berlin,"13,404,954","525,200,066"
374,Karlsruhe,"84,036,527","4,968,901"
375,Stuttgart,"91,829,321","487,758,459"
376,Brive,"1,533,937","45,159,555"
377,Bayonne,"-741,143,091","406,687,141"
378,Saint-Julien-en-Genevois,"6,081,338","46,144,516"
379,Boulogne-Billancourt,"22,399,123","488,396,952"
380,Nanterre,"2,215,331","48,892,423"
381,Meudon,"223,847","48,812,995"
382,Levallois-Perret,"2,287,864","48,893,217"
383,Evreux,"1,151,361","49,270,129"
384,Villers-sur-Mer,"-0,005321","49,321,744"
385,Saint-Hilaire-du-Harcou�t,"-1,092,034","48,577,086"
386,Superbagn�res,"0,576818","42,768,789"
387,Cosne-sur-Loire,"29,252,801","473,824,086"
388,Vitre,"-121,543","48,124,746"
389,Morzine Avoriaz,"6,775,103","4,618,823"
390,Autrans,"5,542,716","45,176,098"
391,Luz-Saint-Sauveur,"-0,002869","42,873,542"
392,Laruns,"-0,426274","42,987,644"
393,Montreuil,"2,448,451","48,863,812"
394,Bondy,"2,481,875","48,906,008"
395,Bobigny,"2,439,712","48,908,612"
396,Louvroil,"3,959,502","5,026,374"
397,Valenciennes,"3,518,332","50,357,113"
398,B�thune,"263,926","50,531,036"
399,Cergy-Pontoise,"2,100,645","4,950,966"
400,Langon,"-0,245126","44,555,419"
401,Domaine du Rouret,"42,763,828","443,812,849"
402,Les �chelles,"5,753,686","45,436,571"
403,Crans-Montana,"7,498,439","463,425,654"
404,Villi�-Morgon,"4,679,334","46,160,931"
405,Pantin,"240,963","48,894,533"
406,Fontenay-sous-Bois,"2,475,907","48,851,542"
407,Nogent-sur-Marne,"2,481,699","48,837,631"
408,La Rochelle,"-1,151,139","46,160,329"
409,Fleurance,"0,6632439","43,849,456"
410,Roquefort-sur-Soulzon,"2,992,022","43,974,566"
411,La Tour-du-Pin,"5,445,327","45,564,026"
412,Alfortville,"2,422,317","4,880,093"
413,Basel,"75,885,761","475,595,986"
414,Beauraing,"49,554,347","501,102,813"
415,Cancale,"-1,852,279","4,867,707"
416,Concarneau,"-3,920,734","47,872,834"
417,Saintes,"-0,633389","45,744,175"
418,Valence d'Agen,"0,890241","44,108,057"
419,Martigues,"5,053,728","43,404,811"
420,Manosque,"5,790,916","43,835,744"
421,Orci�res-Merlette,"6,320,161","446,952,209"
422,Saint-Priest,"4,947,071","45,698,938"
423,Sens,"-1,223,958,876","377,949,305"
424,Nay,"-959,279,506","36,675,192"
425,Rochefort,"-0,961697","45,936,698"
426,Compi�gne,"2,826,145","49,417,816"
427,Beringen,"521,862","514,793"
428,Thonon-les-Bains,"6,477,635","46,373,565"
429,Veurey,"5,612,813","45,272,154"
430,Auxerre,"3,573,781","47,798,202"
431,Frankfurt,"86,821,267","501,109,221"
432,Wiesbaden,"82,397,608","50,782,184"
433,Spa,"-959,934,026","361,585,288"
434,Flers,"-0,575794","48,750,059"
435,Damazan,"0,276419","442,905"
436,L�zignan-Corbi�res,"27,577,759","43,200,503"
437,Trets,"56,841,549","43,446,909"
438,Voreppe,"5,637,517","45,298,156"
439,Captieux,"-0,261723","44,291,534"
440,Neuville-de-Poitou,"0,246918","46,685,934"
441,Angers,"-0,5518257","474,711,616"
442,Deauville,"0,075122","49,353,976"
443,Les Menuires,"65,378,609","453,231,688"
444,Alpe d'Huez,"60,647,688","45,909,056"
445,Le Perreux-sur-Marne,"2,504,038","48,841,386"
446,Leiden,"44,970,097","521,601,144"
447,Sint Willebrord,"45,897,498","515,517,785"
448,Saint-Amand-les-Eaux,"3,428,713","50,448,979"
449,Caen,"-0,370679","49,182,863"
450,Maz�-Montgeoffroy,"-0,276077","47,469,126"
451,Saint-�milion,"-0,155729","44,894,387"
452,Biarritz,"-1,558,626","434,831,519"
453,Besse-en-Chandesse,"29,012,932","454,978,927"
454,Saint-Dier-d'Auvergne,"3,482,832","456,755,629"
455,St-�tienne,"43,871,779","45,439,695"
456,Epernay,"3,956,242","4,943,411"
457,Saint Germain en Laye,"2,093,761","48,898,908"
458,Auch,"-832,906,503","426,404,961"
459,Oloron-Sainte-Marie,"-0,605292","43,194,413"
460,Vitoria-Gasteiz,"-26,817,918","428,591,656"
461,Morcenx,"-0,911249","4,433,654"
462,Jaunay-Clan,"0,375076","46,683,763"
463,Altkirch ,"7,243,036","47,620,391"
464,Chamonix,"6,869,433","45,923,697"
465,Rossignol Voiron,"5,606,234","4,531,925"
466,Saint-Trivier-sur-Moignans,"48,978,659","4,671,955"
467,Saint-Jean-de-Monts,"-20,617,863","46,793,464"
468,Leuven,"47,005,176","508,798,438"
469,Bastogne,"57,152,802","505,062"
470,Valentigney,"6,837,516","474,614,199"
471,Divonne-les-Bains,"613,604","46,358,168"
472,Montgen�vre,"6,722,136","44,930,787"
473,Le Barcar�s,"3,036,565","4,278,773"
474,Font-Romeu-Odeillo-Via,"20,322,172","425,182,933"
475,Saint-Lary-Soulan,"0,320251","42,815,835"
476,Lacanau,"-1,075,745","44,978,459"
477,Sainte-Foy-la-Grande,"0,215006","44,841,805"
478,Tulle,"1,771,697","4,526,565"
479,Molenbeek,"43,303,277","508,522,009"
480,Sabl�-sur-Sarthe,"-0,3334185","478,404,856"
481,Merlin-Plage,"467,552,609","-2,306,027"
482,Saint-Gilles-Croix-de-Vie,"-1,944,529","46,697,777"
483,Angoul�me,"0,1562369","45,648,377"
484,Barcelonnette,"6,650,463","443,863"
485,Valloire,"6,428,733","45,165,292"
486,Pouilly-en-Auxois,"4,556,286","47,262,495"
487,Plymouth,"-706,672,621","419,584,457"
488,Morlaix,"-3,828,228","48,577,613"
489,Dieppe,"1,077,483","49,922,992"
490,Harelbeke,"33,106,757","508,567,031"
491,Mons,"3,956,659","504,542,408"
492,Chaumont,"-1,183,992,505","34,660,131"
493,Gaillard,"-799,308,156","327,867,717"
494,Savines-le-Lac,"6,404,982","44,525,913"
495,Colomiers,"1,336,579","43,612,189"
496,La Seu d'Urgell,"14,555,525","423,575,784"
497,Vouvray,"0,799248","47,412,068"
498,Scheveningen,"43,021,834","521,024,015"
499,Sint-Niklaas,"4,154,441","511,558,839"
500,Mo�tiers,"6,529,926","45,484,615"
501,Thuir,"2,756,348","4,263,243"
502,Bourg-Madame,"1,944,595","42,434,397"
503,Bourges,"2,398,782","4,781,012"
504,Royan,"-1,043,182","45,623,027"
505,Carnon-Plage,"39,748,416","435,431,357"
506,Orci�res,"6,324,101","44,684,956"
507,Dinant,"49,127,457","50,260,494"
508,Rungis,"2,349,936","48,749,358"
509,Gourette,"-0,332111","42,958,836"
510,Mont-de-Marsan,"-0,499782","43,893,485"
511,Forest,"-962,297,579","361,811,146"
512,Ciney,"51,008,264","502,956,548"
513,Saarlouis,"67,522,865","493,134,606"
514,Ruffec,"0,199339","4,628,559"
515,Sint-Pieters-Woluwe,"44,335,038","508,299,809"
516,Maastricht,"56,909,725","508,513,682"
517,Digne,"6,235,976","4,492,193"
518,Aubagne,"55,676,425","432,926,781"
519,La Grande-Motte,"4,086,072","43,560,704"
520,Castelnaudary,"195,333","43,317,118"
521,Arlon,"58,104,804","496,851,364"
522,Jambes,"48,718,614","504,563,491"
523,S�te,"37,008,219","434,078,758"
524,Fontainebleau,"-801,223,556","25,816,968"
525,Charleville,"1,462,453,597","-264,020,616"
526,Tournai,"33,879,338","506,056,475"
527,Vals-les-Bains,"436,487","4,466,515"
528,Privas,"4,599,039","44,735,269"
529,Ivrea,"79,038,647","454,502,845"
530,Cologne,"69,602,786","50,937,531"
531,Ch�teaulin,"-4,094,207","48,195,389"
532,La Baule,"-23,913,777","472,869,183"
533,Ax-les-Thermes,"1,837,545","42,720,254"
534,Hy�res,"6,128,639","43,120,541"
535,Toulon,"5,928","43,124,228"
536,Peyrehorade,"-1,097,208","43,545,627"
537,Val d'Is�re,"6,980,226","45,448,034"
538,Arbois,"5,772,342","46,902,851"
539,Herentals,"48,355,946","511,768,541"
540,Pont l'Ev�que,"0,182766","49,284,982"
541,Saint-Nazaire,"-2,213,848","472,734,979"
542,Antibes,"7,125,102","43,580,418"
543,Bourgoin,"527,212","45,597,108"
544,Pontoise,"2,100,645","4,950,966"
545,Chalon-sur-Sa�ne,"4,853,947","46,780,764"
546,Namur,"48,719,854","504,673,883"
547,Blain,"-1,764,935","47,475,279"
548,Puy de D�me,"29,624,505","457,720,165"
549,Saint-Vincent,"-92,339,372","34,750,467"
550,Seurre,"5,145,516","46,999,317"
551,Ghent,"37,174,243","51,543,422"
552,Le Tr�port,"1,382,472","505,917"
553,B�doin,"51,803,739","44,124,008"
554,"Circuit de la Prairie, Caen","-0,370817","4,917,776"
555,Cannes,"7,017,369","43,552,847"
556,Montju�c circuit,"21,536,874","413,669,009"
557,Barcelona ,"21,734,035","413,850,639"
558,Circuit de Rouen-Les-Essarts,"10,107,009","493,336,877"
559,Z�rich,"8,541,694","473,768,866"
560,Ch�tellerault,"0,548146","46,816,487"
561,Amsterdam,"48,951,679","523,702,157"
562,Beveren,"42,581,649","512,132,494"
563,Le Puy,"3,882,936","4,542,768"
564,Aix les Bains,"5,908,998","45,692,341"
565,Epinal,"6,449,403","48,172,402"
566,St. Etienne,"43,871,779","45,439,695"
567,Vichy,"-959,479,748","367,407,622"
568,La Guerche-de-Bretagne,"-1,230,696","47,941,933"
569,St. Brieuc,"-2,765,835","4,851,418"
570,Niort,"-0,464777","46,323,716"
571,Menton,"-71,048,219","423,505,213"
572,Boulogne-sur-Mer,"1,613,334","50,725,231"
573,Aosta,"73,130,762","457,349,551"
574,Trouville,"0,082808","49,366,289"
575,Sanremo,"77,760,567","438,159,671"
576,Saint-Rapha�l,"676,837","4,342,519"
577,D�le,"549,081","479,534"
578,La Roche-sur-Yon,"-1,426,442","46,670,511"
579,Arcachon,"-11,785,016","44,652,297"
580,Laon,"361,989","49,564,133"
581,Saint-Quentin,"32,874","49,847,066"
582,Lons-le-Saunier,"5,550,796","46,671,361"
583,Champagnole,"5,905,725","46,746,091"
584,Evian,"6,590,949","46,401,488"
585,La Roche sur Yon,"-1,426,442","46,670,511"
586,Malo-les-Bains,"2,401,069","5,148,679"
587,Les Sables d'Olonne,"-1,795,493","46,492,958"
588,Dunkerque,"23,767,763","51,343,684"
589,M�lhausen,"7,335,888","47,750,839"
590,Gex,"-93,912,339","35,139,001"
591,Longwy,"5,761,773","49,519,919"
592,Douai,"3,080,602","50,367,874"
593,La Planche des Belles Filles,"6,774,211","47,767,158"
594,Nuits-Saint-Georges,"49,503,199","47,137,985"
595,Peyragudes,"0,4601674","427,830,502"
596,Romans-sur-Is�re,"5,052,735","4,544,236"
597,Col d'Izoard,"6,734,978","44,819,732"
598,Salon-de-Provence,"5,097,022","43,640,199"
599,Utah Beach,"-11,818,896","494,230,363"
600,Cherbourg-en-Cotentin,"-16,188,109","496,288,218"
601,Le Lioran,"27,488,015","45,819,145"
602,Lac de Payolle,"0,297222","42,934,444"
603,Andorra-Arcalis,"14,992,993","426,313,635"
604,Chalet Reynard,"53,189,936","441,523,991"
605,La Caverne du Pont-d'Arc,"44,301,879","444,061,473"
606,Villars-les-Dombes,"5,029,107","462,114"
607,Culoz,"5,781,229","458,476,209"
608,Finhaut-�mosson,"69,141,893","46,831,928"
609,Saint Gervais-les-Bains,"6,712,187","45,892,013"
610,Zeeland,"38,496,815","514,940,309"
611,M�r-de-Bretagne,"-2,987,594","48,201,707"
612,La Pierre Saint-Martin,"-0,7468616","429,779,986"
613,Plateau de Beille,"1,702,387","42,709,683"
614,Pra-Loup,"6,601,403","44,369,909"
615,La Toussuire - Les Sybelles,"6,267,587","45,241,021"
616,Harrogate,"-1,541,812","5,399,212"
617,Sheffield,"-1,470,085","53,381,129"
618,Lille Metropole,"3,137,459","506,320,509"
619,Arenberg Porte du Hainaut,"34,261,075","50,384,694"
620,G�rardmer La Mauselaine,"68,929,623","48,591,632"
621,Oyonnax,"5,655,335","46,257,773"
622,Chamrousse,"5,878,681","45,125,328"
623,Risoul,"6,636,775","44,648,326"
624,Saint-Lary Pla d�Adet,"0,294932","42,813,246"
625,Hautacam,"-0,0074672","429,721,489"
626,Calvi,"8,757,222","42,567,651"
627,Ax 3 Domaines,"18,125,228","426,995,437"
628,Saint-Amand-Montrond,"2,505,604","467,254,859"
629,Mont Ventoux,"52,786,797","441,740,851"
630,Chorges,"6,275,548","44,545,716"
631,Semnoz,"6,104,722","45,797,222"
632,Porrentruy,"70,765,657","47,416,647"
633,Bellegarde-sur-Valserine,"5,826,179","46,107,599"
634,La Toussuire-Les Sybelles,"6,267,587","45,241,021"
635,Annonay-Dav�zieux,"4,702,261","45,256,666"
636,Chartres,"1,489,012","48,443,854"
637,Mont des Alouettes,"1,010,278","46,894,722"
638,Redon,"-2,083,938","47,650,742"
639,Cap Fr�hel,"-23,179,711","486,835,323"
640,Ch�teauroux,"1,686,779","46,811,434"
641,Super Besse,"28,615,179","455,080,219"
642,Carmaux,"216,075","44,500,339"
643,Lavaur,"1,820,699","43,699,185"
644,Col du Galibier-Serre Chevalier,"64,051,657","45,358,657"
645,Gueugnon,"4,064,993","46,601,313"
646,Bourg-l�s-Valence,"4,894,633","44,947,037"
647,Col du Tourmalet,"0,1862736","429,148,946"
648,Pauillac,"-0,746212","45,199,585"
649,Brignoles,"6,061,187","4,340,655"
650,Issoudun,"1,988,654","46,947,535"
651,Saint-Fargeau,"3,070,853","47,641,578"
652,Verbier,"72,285,512","46,960,814"
653,Aubenas,"4,389,863","44,620,909"
654,Super-Besse Sancy,"28,615,179","455,080,219"
655,Prato Nevoso,"77,803,918","442,541,036"
656,Jausiers,"6,733,329","44,419,576"
657,Canterbury,"-934,839,865","447,912,253"
658,Joigny,"3,398,961","47,981,432"
659,Autun,"4,301,565","46,950,914"
660,Tignes,"69,055,785","454,683,226"
661,Plateau-de-Beille,"1,702,387","42,709,683"
662,Loudenvielle,"0,412744","42,795,702"
663,Gourette�Col d'Aubisque,"-0,3396728","429,765,697"
664,Val d'Aran/Pla-de-Beret,"0,9645043","427,291,976"
665,La Toussuire,"63,013,671","452,432,666"
666,Noirmoutier-en-l'�le,"-2,247,107","471,143"
667,Saint-Lary-Soulan Pla d'Adet,"0,294932","42,813,246"
668,Gu�ret,"1,871,452","46,169,599"
669,La Mongie,"0,182806","42,910,254"
670,Meaux,"28,884,657","489,562,018"
671,Sedan,"493,863","4,970,349"
672,Saint-Dizier,"4,947,418","48,637,692"
673,Cap D�couverte,"21,429,348","4,420,028"
674,Saint-Maixent-l'�cole,"-0,20341","46,413,165"
675,Saarbr�cken,"69,969,327","492,401,572"
676,Ch�teau-Thierry,"340,262","49,459,869"
677,Bar-le-Duc,"5,158,238","48,773,605"
678,Plateau de Bonascre,"18,147,457","4,270,197"
679,Sarran,"-876,167,125","418,466,443"
680,Villeneuve-sur-Lot,"0,7072568","444,082,053"
681,Maubeuge,"39,674","50,280,228"
682,Thionville,"6,168,426","49,357,571"
683,Piau-Engaly,"0,1588887","427,836,595"
684,Cork,"-770,316,599","389,143,102"
685,Corr�ze,"20,195,909","454,320,081"
686,Le Cap d'Agde,"35,053,993","432,807,386"
687,Neuch�tel,"69,292,732","469,899,874"
688,Les Arcs,"68,296,421","455,722,296"
689,Lannion,"-3,459,144","48,732,084"
690,L'Alpe d'Huez,"60,647,688","45,909,056"
691,Guzet-Neige,"1,300,805","42,779,369"
692,Armenti�res,"2,884,218","50,691,652"
693,Eurotunnel,"14,828,889","51,212,494"
694, Brighton,"-93,214,116","36,644,055"
695,Tr�lissac,"0,77911","45,196,131"
696,Val Thorens,"65,820,983","452,979,478"
697,Avoriaz,"6,775,103","4,618,823"
698,Lac Saint-Point,"63,256,034","468,278,216"
699,Isola 2000,"71,643,186","441,859,807"
700,Pal,"-94,260,283","371,987,945"
701,Montlh�ry,"2,271,502","48,638,324"
702,Koblenz,"75,889,959","503,569,429"
703,Chassieu,"49,719,179","45,743,527"
704,Saint-Herblain,"-1,651,444","47,210,335"
705,Val-Louron,"0,3893675","4,279,097"
706,Ales,"-95,712,891","379,024"
707,L'Isle-d'Abeau,"52,301,149","45,623,157"
708,Machecoul,"-1,817,202","46,992,283"
709,Ancenis,"-1,177,491","47,365,464"
710,�pinay-sous-S�nart,"2,515,825","48,693,052"
711,Renaz�,"-1,055,709","477,932,599"
712,Chaumeil,"1,880,782","45,456,016"
713,Sceaux,"2,295,092","48,778,016"
714,Saint-Quentin-en-Yvelines,"20,249,544","487,700,557"
715,Pont-Audemer,"0,5142989","49,354,883"
716,Lans-en-Vercors,"55,882,699","451,279,759"
717,Aubisque,"-0,3396728","429,765,697"
718,Noisy-le-Sec,"2,458,625","48,892,489"
719,La Ruch�re,"5,803,222","45,411,218"
720,Villefranche-sur-Sa�ne,"4,718,821","45,991,471"
721,Fontaine-au-Pire,"3,375,606","5,013,042"
722,�le d'Ol�ron,"-12,733,651","45,953,973"
723,M�hlin,"78,442,531","475,591,304"
724,Mouscron,"32,192,907","507,459,126"
725,Aulnay-sous-Bois,"24,970,711","489,412,151"
726,Pla d'Adet,"0,295904","42,813,111"
727,Circuit Zolder,"5,257,984","509,904,979"
728,Hasselt,"533,248","5,093,069"
729,Le Pleynet,"60,554,569","452,715,474"
730,Laplume,"0,532322","44,110,689"
731,Prapoutel,"599,299","45,255,966"
732,Ballon d'Alsace,"68,463,325","478,226,946"
733,Saint-Germain-en-Laye,"2,093,761","48,898,908"
734,Senlis,"2,583,212","49,205,164"
735,Seignosse le Penon,"-1,424,299","43,707,972"
736,Bornem,"42,404,586","51,996,057"
737,Pyr�n�es 2000,"2,061,496","42,520,843"
738,Super-Lioran,"27,488,015","45,819,145"
739,Ch�tel,"6,841,152","46,267,395"
740,Saint-Pol-de-L�on,"-3,986,533","48,685,113"
741,Orange,"-953,017,334","362,797,852"
742,M�ribel,"6,566,576","45,396,839"
743,Les Orres,"6,551,044","44,514,098"
744,Argel�s-sur-Mer,"3,022,911","42,546,214"
745,Le Revard,"59,778,399","45,666,493"
746,Ballon d�Alsace,"68,463,325","478,226,946"
747,Marche-en-Famenne,"53,441,606","502,282,896"
748,Le Touquet,"1,590,675","50,521,276"
749,Felsberg,"94,191,818","511,363,534"
750,Belfort/Ballon d�Alsace,"68,463,325","478,226,946"
751,Mers-les-Bains,"1,389,287","5,066,072"
752,Mont-Ventoux,"52,786,797","441,740,851"
753,Brasschaat,"449,419","5,129,227"
754,Circuit des Essarts,"-727,267,275","4,696,932"
755,St. Gaudens,"-723,687,458","435,010,949"
756,"Geneva, Switzerland","61,431,577","46,204,390"
